{
  "name": "Komari Glass Theme",
  "short": "KomariGlass",
  "description": "A glassmorphism Komari monitor theme built with Vite + React + Tailwind + shadcn/ui.",
  "version": "1.0.0",
  "author": "KomariGlass",
  "url": "",
  "configuration": {
    "type": "managed",
    "icon": "/themes/KomariGlass/dist/assets/os-debian.svg",
    "name": "Komari Glass 主题设置",
    "data": [
      {
        "name": "展示设置",
        "type": "title"
      },
      {
        "key": "accent_color",
        "name": "主色调",
        "type": "select",
        "options": "紫色,蓝色,粉色,青色",
        "default": "紫色",
        "help": "用于按钮、标签等重点元素。"
      },
      {
        "key": "show_price",
        "name": "显示价格信息",
        "type": "switch",
        "default": false,
        "help": "在卡片中展示节点计费信息。"
      },
      {
        "key": "show_ping_chart",
        "name": "显示负载与网络图",
        "type": "switch",
        "default": true,
        "help": "在详情中展示历史图表（需要 /api/records/load 支持）。"
      }
    ]
  }
}